Country,Region,Gender,Ageyears,Handed,Height,Foot_Length,Arm_Span,Languages_spoken,Travel_to_School,Travel_time_to_School,Reaction_time,Score_in_memory_game,Favourite_physical_activity,Importance_reducing_pollution,Importance_recycling_rubbish,Importance_conserving_water,Importance_saving_enery,Importance_owning_computer,Importance_Internet_access,
"USA","DC","M","11","R","139","24","149","1","Rail","21","0.316","7","Gymnastics","0","1000","1000","","460","460",
"OZ","New South Wales","M","12","R","168","26","154","1","Bus","20","0.42","35","Other activities/sports","675","1000","450","450","178","184",
"NZ","Waikato","M","17","R","188","27","180","1","Bus","25","0.442","0","Football/Soccer","250","","500","","","",
"NZ","Auckland","F","15","L","155","22","166","1","Car","15","0.407","0","Football/Soccer","750","","750","","","",
"NZ","Auckland","F","14","R","165","24","165","1","Car","15","0.375","0","Basketball","750","","750","","","",
"UK","East","F","13","R","154","26","154","2","Car","12","0.45","42","Swimming","1000","1000","1000","997","756","895",
"OZ","New South Wales","F","13","R","155","22","154","1","Car","20","0.31","37","Athletics","184","285","444","616","1000","1000",
"USA","PA","F","17","R","183","25","185","2","Car","10","0.3145","42","Rowing","1000","1000","1000","1000","497","722",
"OZ","Victoria","F","15","R","169","23","172","1","Car","12","0.35","35","Dancing","498","663","521","557","787","823",
"UK","South","M","12","R","145","22","150","1","Bus","30","0.12","61","Running/Jogging","835","617","197","1000","0","0",
"NZ","Otago","M","14","R","163","28","166","1","Walk","5","0.358","0","Rugby Union","0","","250","","","",
"OZ","Western OZ","F","12","R","158","24","154","1","Rail","35","0.34","37","Swimming","775","728","876","450","468","681",
"NZ","Wellington","M","13","R","166","24","172","1","Bus","25","0.359","0","Rugby Union","250","","0","","","",
"NZ","Auckland","M","11","L","154","20","158","1","Car","15","0.359","0","Football/Soccer","750","","750","","","",
"OZ","South OZ","M","16","R","180","25","181","1","Car","5","0.28","24","Football/Soccer","829","840","727","764","202","202",
"USA","MO","F","13","R","164","23","157","1","Car","5","0.527","49","Baseball/Softball","800","700","650","800","950","1000",
"CA","Ontario","F","14","R","149","23","147","1","Walk","5","0.329","31","Other activities/sports","1000","1000","1000","872","380","380",
"OZ","Victoria","M","15","R","182","29","168","2","Walk","5","0.31","39","Rugby Union","1000","1000","1000","1000","1000","1000",
"NZ","Auckland","M","11","R","150","25","132","3","Car","15","0","0","Basketball","1000","","1000","","","",
"OZ","Queensland","M","17","R","180","23","180","2","Car","65","0.3","43","Basketball","539","539","196","220","622","645",
"OZ","South OZ","M","11","R","154","26","154","1","Walk","5","0.28","32","Football/Soccer","509","409","704","356","462","610",
"OZ","Queensland","M","13","R","150","24","150","1","Car","5","0.41","26","Basketball","509","498","498","492","1000","1000",
"UK","East Midlands","M","15","R","184","23","108","3","Walk","8","0.25","59","Football/Soccer","550","602","548","555","698","838",
"OZ","New South Wales","F","14","L","171","25","178","1","Bus","16","0.45","24","Netball","671","551","605","204","115","163",
"USA","ID","M","17","R","186","27","229","1","Car","5","0.259","47","Basketball","0","1","2","","3","4",
"USA","WA","F","17","R","164","22","158","1","Car","6","0.406","57","Dancing","674","733","615","","348","305",
"CA","Ontario","M","12","L","160","24","167","3","Car","15","0.453","56","Basketball","428","615","545","647","513","679",
"OZ","South OZ","F","14","R","152","21","146","1","Car","15","0.29","36","Other activities/sports","1000","1000","1000","1000","1000","1000",
"USA","SC","F","16","R","163","21","156","1","Car","5","0.415","42","Other","550","500","800","1000","900","1000",
"CA","New Brunswick","M","13","R","141","20","141","1","Bus","60","0.484","45","Swimming","396","695","727","615","176","182",
"NZ","Auckland","F","13","R","155","24","159","1","Car","15","0.609","0","Netball","500","","500","","","",
"OZ","New South Wales","F","12","R","160","20","157","1","Bus","20","0.4","40","Swimming","568","568","622","628","427","367",
"CA","Alberta","F","14","R","157","24","156","3","Bus","20","0.404","26","Swimming","909","508","733","743","818","818",
"CA","Ontario","F","11","R","152","23","147","1","Walk","2","0.845","33","Cycling","1000","1000","1000","866","840","765",
"OZ","New South Wales","M","14","R","183","27","182","1","Walk","5","0.6","40","Rugby League","302","669","999","1000","781","922",
"UK","Spain","F","13","R","175","26","91","2","Car","30","0","43","Skateboarding/Rollerblading","97","74","500","287","238","198",
"CA","Ontario","M","11","L","142","23","143","1","Bus","15","0.797","76","Skateboarding/Rollerblading","807","701","567","626","278","455",
"OZ","Tasmania","F","13","R","152","24","150","1","Bus","60","0.46","46","Netball","474","237","1000","1000","1000","1000",
"NZ","Auckland","F","13","R","151","20","154","1","Walk","5","0.547","0","None","500","","250","","","",
"USA","TX","M","12","R","146","23","146","2","Walk","3","0.476","53","None","801","900","900","850","700","750",
"CA","Alberta","M","13","R","152","22","125","1","Bus","90","0.25","61","Skateboarding/Rollerblading","1000","1000","1000","1000","1000","1000",
"NZ","Canterbury","M","10","L","137","21","132","1","Car","5","0.479","0","Rugby Union","750","","750","","","",
"OZ","New South Wales","M","11","R","153","22","143","2","Bus","8","0.4","62","Football/Soccer","1000","1000","1000","1000","1000","1000",
"CA","Quebec","M","14","L","101","30","100","1","Walk","1","0.328","42","Hockey (Ice)","64","91","27","11","1000","1000",
"OZ","Victoria","M","10","R","148","23","148","1","Walk","3","0.32","41","Football/Soccer","480","568","468","503","527","527",
"UK","East","M","14","R","157","23","157","2","Car","5","0.48","38","Other activities/sports","993","886","808","716","1000","1000",
"USA","TX","M","17","R","170","23","175","1","Walk","20","0.359","42","Football (American)","750","400","400","600","1000","1000",
"USA","MI","M","16","R","182","29","182","1","Bus","5","0.466","48","None","750","750","500","500","500","750",
"OZ","New South Wales","M","14","R","147","21","146","1","Car","5","0.32","47","Rugby Union","574","568","515","421","314","302",
"NZ","Waikato","M","11","L","145","22","143","2","Car","5","0.391","0","Football/Soccer","500","","500","","","",
"OZ","New South Wales","M","7","R","142","25","141","1","Cycle","5","0.43","53","Rugby League","468","468","545","480","267","255",
"CA","Ontario","F","15","R","155","23","157","2","Car","45","0.55","55","Dancing","401","406","401","428","727","973",
"UK","East","M","12","R","150","15","165","3","Cycle","20","0.34","40","Football/Soccer","861","237","767","693","59","998",
"OZ","Queensland","F","14","R","172","25","165","2","Bus","80","0.46","55","Other activities/sports","598","521","604","379","403","415",
"USA","DC","F","13","R","176","25","176","2","Bus","30","0.309","58","Basketball","1000","1000","861","","802","802",
"CA","Saskatchewan","M","17","B","163","24","164","1","Car","15","0.437","38","None","21","123","118","829","503","829",
"UK","North West","F","11","R","156","23","155","1","Walk","15","0.67","46","Other activities/sports","937","970","606","731","528","481",
"OZ","Victoria","F","11","R","155","23","159","1","Car","10","1.48","39","Basketball","438","681","1000","291","817","1000",
"OZ","Western OZ","F","14","B","162","22","168","1","Walk","5","0.38","58","Hockey (Field)","273","167","149","161","959","162",
"OZ","Western OZ","F","15","R","168","24","172","1","Walk","7","0.59","52","Hockey (Field)","793","634","604","509","545","545",
"USA","CA","F","16","R","158","25","158","1","Car","2","0.355","37","Tennis","898","898","791","856","775","818",
"CA","Alberta","F","11","R","145","22","143","2","Walk","13","0.428","43","Swimming","979","973","32","968","21","27",
"OZ","Victoria","F","12","R","148","23","153","1","Car","10","0.37","25","Swimming","870","888","1000","888","438","982",
"CA","Alberta","M","11","R","152","25","150","2","Bus","25","0.359","46","Football/Soccer","813","872","1000","1000","882","1000",
"CA","Ontario","F","14","R","151","22","151","4","Walk","10","0.351","34","Dancing","1000","1000","1000","1000","59","64",
"USA","FL","F","12","R","168","10","165","2","Car","15","0.643","32","Football/Soccer","1000","600","500","600","400","900",
"UK","West Midlands","M","12","R","168","27","175","1","Car","6","0.34","37","Football/Soccer","980","785","500","500","0","22",
"CA","Ontario","F","14","R","162","22","152","2","Walk","3","0.442","37","Dancing","1000","1000","930","1000","1000","1000",
"NZ","Canterbury","M","11","R","122","23","122","1","Car","5","0.501","0","Football/Soccer","1000","","1000","","","",
"OZ","New South Wales","F","12","R","159","26","152","2","Car","10","0.34","35","Swimming","1000","1000","1000","1000","367","480",
"OZ","Queensland","M","14","L","163","25","162","1","Car","30","0","46","Skateboarding/Rollerblading","557","509","604","521","202","208",
"USA","TX","F","10","R","142","24","134","2","Bus","60","0","38","Swimming","0","0","0","0","0","0",
"UK","South","F","14","R","193","26","190","1","Bus","27","0.45","35","Swimming","1000","1000","1000","1000","1000","1000",
"NZ","Otago","M","14","R","181","31","181","1","Bus","45","0","0","Rugby Union","250","","0","","","",
"NZ","Auckland","F","13","R","147","24","150","1","Car","15","0.491","0","Football/Soccer","250","","500","","","",
"CA","British Columbia","F","14","R","165","23","152","2","Walk","5","0.765","57","Basketball","914","1000","674","588","75","460",
"USA","TX","F","11","R","156","20","145","1","Car","3","0","63","Other","100","200","80","50","40","412",
"CA","Ontario","M","12","R","128","21","128","3","Car","15","0.541","41","Dancing","1000","1000","1000","1000","1000","1000",
"USA","NC","M","16","R","186","27","184","1","Car","7","0.3","50","Football (American)","800","300","1000","1000","1000","1000",
"CA","Ontario","F","18","R","161","20","170","1","Bus","30","0.341","57","Swimming","781","503","241","877","936","316",
"OZ","Tasmania","F","15","R","159","21","156","1","Bus","20","0.29","27","Basketball","515","498","515","533","515","716",
"CA","Ontario","M","9","R","156","28","167","6","Bus","40","0.468","60","Hockey (Ice)","487","412","326","401","807","1000",
"USA","GA","M","12","R","154","25","164","2","Bus","10","0","0","Athletics","300","200","300","600","900","",
"UK","South West","F","12","L","152","22","151","3","Car","15","0.45","33","Bowling","0","0","161","129","419","0",
"UK","South West","M","13","R","169","24","169","1","Car","2","0","46","Football/Soccer","194","194","0","0","1000","581",
"NZ","Nelson","M","11","R","190","40","80","3","Walk","25","0.641","0","Rugby Union","0","","0","","","",
"CA","Ontario","M","11","L","153","26","157","1","Car","10","0.438","78","Baseball/Softball","150","150","112","86","631","636",
"NZ","Otago","F","11","R","144","23","170","1","Walk","15","0.578","0","Dancing","750","","750","","","",
"CA","Ontario","F","18","R","163","22","167","1","Car","15","0.375","51","Rugby League","540","460","465","631","48","166",
"NZ","Northland","F","12","R","154","24","157","3","Bus","5","0.359","0","Hockey (Field)","750","","500","","","",
"CA","Ontario","F","11","R","141","22","141","2","Bus","25","0.344","39","Football/Soccer","898","824","652","888","1000","1000",
"OZ","Queensland","M","12","R","159","26","159","2","Boat","62","0.46","55","Football/Soccer","161","101","91","11","101","71",
"OZ","Queensland","M","14","R","180","27","190","1","Car","10","0.34","39","Basketball","90","60","101","515","1000","249",
"CA","British Columbia","F","12","R","155","22","151","2","Cycle","20","0.343","33","Other activities/sports","1000","1000","1000","1000","503","497",
"OZ","Victoria","F","10","R","153","23","153","1","Walk","7","0.54","66","Other activities/sports","1000","574","693","1000","78","243",
"UK","North West","M","13","R","152","24","162","2","Bus","30","0.75","29","Football/Soccer","1000","1000","803","866","0","0",
"USA","NC","M","11","R","149","24","127","1","Boat","25","0.27","52","Basketball","100","100","500","100","52","",
"OZ","New South Wales","M","13","L","174","29","180","1","Rail","20","0.31","31","Basketball","574","580","243","427","1000","1000",
"NZ","Canterbury","F","14","R","170","23","166","1","Walk","25","0.578","0","Netball","750","","1000","","","",
"USA","FL","M","16","R","173","27","175","2","Car","25","0.451","48","Basketball","500","250","250","200","200","900",
"CA","Nova Scotia","M","17","R","169","25","153","1","Walk","20","0.25","31","Walking/Hiking","444","353","358","909","492","1000",
"CA","Ontario","F","13","R","153","23","160","3","Walk","10","0.351","42","Football/Soccer","1000","1000","1000","1000","16","214",
"NZ","Auckland","M","13","R","170","23","170","3","Cycle","15","0.328","0","Football/Soccer","750","","500","","","",
"USA","GA","M","14","R","163","26","170","1","Bus","15","0.332","43","Football (American)","652","813","561","845","513","620",
"CA","British Columbia","F","12","R","154","25","152","2","Walk","15","0.689","36","Athletics","1000","1000","1000","1000","856","856",
"CA","Saskatchewan","M","11","R","145","23","143","1","Cycle","5","0.328","36","Hockey (Ice)","1000","1000","1000","1000","1000","1000",
"CA","Nova Scotia","F","14","R","168","25","164","1","Bus","30","0.426","29","Football/Soccer","1000","1000","1000","1000","1000","1000",
"OZ","Victoria","F","10","R","151","24","136","2","Car","1","0.45","56","Netball","823","421","829","178","","",
"CA","Ontario","F","18","R","173","25","171","1","Car","17","0.531","33","Hockey (Ice)","610","717","631","727","342","529",
"UK","East","F","13","R","163","23","163","1","Bus","10","0.42","50","Dancing","953","772","548","691","953","951",
"CA","Ontario","M","9","R","145","24","146","2","Walk","30","0.562","44","Other activities/sports","1000","1000","1000","1000","278","225",
"CA","Ontario","F","12","R","130","22","129","1","Walk","20","0.453","38","Basketball","963","882","936","930","957","947",
"UK","North West","M","14","R","160","30","152","1","Walk","30","0","23","Athletics","701","758","1000","1000","1000","1000",
"CA","Alberta","F","14","R","159","22","157","2","Car","5","0.282","23","Athletics","1000","1000","1000","1000","32","37",
"USA","NM","F","17","R","167","25","177","2","Car","15","0.313","34","Football/Soccer","503","481","476","","262","59",
"USA","NC","F","13","R","177","23","175","2","Bus","45","0.337","0","Swimming","1000","251","642","1000","1000","1000",
"UK","South","M","13","R","166","29","152","1","Bus","7","0.4","29","Hockey (Field)","586","489","275","500","705","783",
"NZ","Auckland","M","12","R","150","28","150","1","Car","5","0.359","0","Martial Arts","250","","250","","","",
"CA","British Columbia","F","14","R","161","24","160","3","Car","2","0.33","32","Martial Arts","893","813","957","856","1000","1000",
"OZ","New South Wales","M","10","R","147","23","144","1","Walk","1","0.36","26","Tennis","210","390","1000","1000","127","707",
"OZ","South OZ","F","15","L","154","21","184","2","Bus","127","0.32","32","Tennis","332","385","663","521","438","338",
"CA","Ontario","F","13","B","160","26","174","3","Walk","8","0.43","30","Dancing","797","733","872","1000","1000","957",
"OZ","New South Wales","F","12","R","150","24","150","1","Rail","30","0.32","35","Dancing","545","492","758","846","870","876",
"NZ","Auckland","M","11","L","131","20","134","1","Walk","5","0.422","0","Football/Soccer","500","","1000","","","",
"USA","PA","F","16","R","159","22","166","1","Bus","8","0.43","53","Hockey (Field)","406","144","230","332","829","941",
"UK","South","M","14","R","164","23","166","1","Walk","10","0.35","34","Football/Soccer","1000","993","1000","1000","157","170",
"OZ","Queensland","M","14","R","179","28","176","1","Bus","40","0.34","26","Rugby League","628","409","764","799","687","681",
"USA","NY","M","10","R","139","23","137","1","Bus","16","0.75","0","Hockey (Ice)","144","947","460","","968","950",
"NZ","Auckland","M","13","R","171","29","177","2","Car","5","0","0","Football/Soccer","250","","500","","","",
"OZ","Western OZ","F","15","R","170","24","165","1","Car","5","0.28","39","Other activities/sports","1000","1000","1000","1000","799","1000",
"NZ","Auckland","M","14","L","174","26","173","1","Walk","15","0.391","0","Hockey (Field)","500","","250","","","",
"OZ","South OZ","F","14","R","159","24","162","1","Car","30","0.26","33","Netball","628","308","734","279","1000","1000",
"CA","Alberta","M","13","R","156","24","156","1","Walk","7","0.25","41","Skateboarding/Rollerblading","471","476","401","524","1000","1000",
"NZ","Waikato","F","15","R","166","30","157","2","Bus","15","0.297","0","Basketball","250","","250","","","",
"OZ","Victoria","F","16","R","164","24","162","1","Car","2","0.31","28","Walking/Hiking","527","338","350","373","273","421",
"UK","North West","F","14","R","167","30","163","1","Bus","20","0.4","40","Basketball","306","371","586","324","626","718",
"NZ","Auckland","F","11","R","162","21","161","1","Bus","25","0.742","0","Hockey (Field)","500","","750","","","",
"CA","Ontario","F","13","R","153","24","148","1","Walk","10","0.402","57","Baseball/Softball","439","374","380","449","610","620",
"USA","MI","F","17","B","163","22","132","1","Car","12","0.27","31","Other","738","1000","588","","","",
"OZ","Western OZ","F","13","R","152","22","147","1","Bus","60","0.45","34","Swimming","671","1000","653","833","312","480",
"OZ","South OZ","F","14","R","168","28","177","2","Car","15","0.31","34","Martial Arts","1000","1000","1000","1000","521","515",
"OZ","Victoria","F","15","B","175","13","100","1","Walk","2","0.84","52","Dancing","710","734","657","533","409","539",
"UK","London","M","16","R","184","29","176","2","Bus","60","0.45","68","Football/Soccer","839","653","567","839","962","955",
"OZ","Western OZ","F","14","R","169","23","172","1","Car","8","0.4","47","Netball","1000","746","1000","1000","1000","1000",
"USA","HI","F","14","R","155","22","151","1","Car","45","0.583","75","Football/Soccer","0","50","20","","1000","1000",
"USA","OH","M","17","R","188","25","188","3","Car","20","0.38","41","Martial Arts","374","257","545","529","294","401",
"OZ","New South Wales","M","11","R","145","23","145","1","Car","2","0.45","65","Football/Soccer","1000","1000","1000","1000","533","367",
"USA","HI","M","14","R","154","24","152","1","Car","40","0.143","42","Baseball/Softball","700","600","200","","300","300",
"USA","CA","F","16","R","166","23","145","2","Bus","30","0.832","55","Dancing","1000","1000","1000","1000","200","400",
"OZ","Western OZ","F","16","B","175","25","171","1","Walk","8","0.29","26","Rowing","1000","1000","1000","1000","586","616",
"USA","AZ","F","17","R","163","25","160","1","Car","12","0.365","40","Running/Jogging","500","450","545","","820","960",
"CA","Alberta","M","9","L","132","21","135","1","Car","7","0.587","208","Cycling","1000","561","1000","925","578","631",
"USA","UT","F","17","R","161","23","161","1","Bus","8","0.419","35","Walking/Hiking","1000","600","600","700","700","950",
"OZ","Queensland","F","11","R","160","22","145","2","Walk","35","0.5","28","Netball","1000","1000","1000","1000","172","527",
"CA","Alberta","M","9","R","129","17","126","1","Walk","10","0.337","76","Football/Soccer","925","797","1000","759","1000","1000",
"USA","NE","F","16","R","163","24","152","1","Car","25","0.312","42","Athletics","500","500","500","500","200","300",
"CA","Alberta","F","10","R","140","21","136","5","Car","7","0.496","72","Swimming","722","963","888","925","422","524",
"CA","Quebec","F","18","R","163","28","164","3","Bus","30","0.437","52","Basketball","620","626","652","722","963","1000",
"OZ","New South Wales","M","15","R","174","28","177","2","Walk","5","0.34","29","Cricket","551","551","592","533","752","639",
"CA","Ontario","M","14","R","173","26","180","3","Walk","2","0.321","42","Football/Soccer","1000","1000","818","1000","1000","1000",
"UK","spain","F","11","L","149","20","152","3","Bus","30","0.43","45","Netball","846","849","852","867","564","561",
"OZ","Victoria","F","12","R","158","22","154","1","Car","15","0.36","36","Netball","799","634","1000","462","823","1000",
"OZ","Tasmania","M","13","R","160","25","170","1","Bus","15","0.37","54","Football/Soccer","113","131","161","362","373","249",
"NZ","Canterbury","F","13","R","172","26","157","2","Cycle","15","0.5","0","None","1000","","500","","","",
"USA","AR","F","17","R","182","20","187","1","Car","10","0.494","57","None","1000","1000","1000","1000","0","0",
"USA","PA","F","17","R","172","24","173","1","Bus","10","0.391","40","Other","500","3","3","","999","999",
"NZ","Canterbury","M","14","L","163","24","178","2","Car","15","0","0","Golf","1000","","1000","","","",
"CA","Ontario","M","10","R","144","23","144","1","Bus","23","0.461","42","Golf","807","802","818","845","16","305",
"OZ","Victoria","F","10","R","157","21","155","1","Walk","1","0.39","35","Other activities/sports","1000","1000","1000","746","716","704",
"OZ","South OZ","F","14","R","165","23","158","1","Walk","25","0.6","40","Netball","657","604","834","728","687","693",
"UK","North West","F","13","R","166","18","168","3","Bus","25","0","42","Netball","1000","0","258","500","1000","387",
"USA","HI","M","14","R","179","29","96","2","Car","45","0.36","50","Football (American)","90","90","90","","90","95",
"OZ","New South Wales","M","14","B","167","30","167","2","Car","45","0.4","66","Golf","764","734","675","734","1000","1000",
"OZ","South OZ","F","13","R","174","25","175","1","Walk","15","0.36","28","Basketball","982","1000","1000","1000","817","805",
"CA","Quebec","M","15","R","190","29","190","4","Rail","45","0.392","87","Hockey (Ice)","417","155","460","342","1000","1000",
"CA","Ontario","M","12","L","144","23","140","3","Bus","40","0.406","60","Baseball/Softball","1000","1000","1000","1000","529","529",
"OZ","New South Wales","M","10","R","137","28","126","1","Walk","5","0.43","38","Cricket","1000","1000","1000","1000","161","172",
"USA","CA","F","17","R","160","25","160","1","Car","15","0.292","0","Dancing","700","700","700","700","800","800",
"OZ","New South Wales","F","11","R","152","23","150","1","Bus","50","0.5","55","Dancing","1000","1000","990","1000","204","228",
"OZ","New South Wales","M","20","R","148","19","129","1","Walk","1","0.46","0","Cycling","947","1000","1000","1000","1","",
"USA","CA","F","11","R","151","22","141","2","Cycle","8","0.325","31","Other","1000","500","600","300","50","800",
"USA","MO","M","17","R","186","30","195","1","Car","7","0.455","44","Walking/Hiking","500","550","500","560","990","980",
"USA","ID","F","17","R","142","21","141","1","Car","15","0.39","38","Dancing","1000","1000","1000","","500","500",
"OZ","New South Wales","M","14","R","178","26","181","1","Car","8","0.37","36","Rugby League","498","498","515","509","586","699",
"OZ","New South Wales","M","11","R","150","26","132","2","Car","8","0.31","39","Other activities/sports","1000","858","1000","1000","155","208",
"USA","CA","F","15","R","161","22","161","2","Car","35","0.39","33","Dancing","818","775","904","545","166","775",
"UK","East Midlands","F","15","L","171","22","167","2","Walk","15","0.37","36","Dancing","706","310","301","303","823","835",
"OZ","Queensland","M","13","R","140","20","140","1","Bus","5","0.42","60","Cricket","433","379","403","409","","",
"CA","Ontario","M","18","R","180","30","180","2","Car","11","0.62","36","Golf","444","508","567","572","636","588",
"CA","Ontario","M","14","B","157","27","157","2","Walk","10","0.3","45","Hockey (Ice)","86","86","91","11","1000","1000",
"OZ","New South Wales","F","11","R","146","22","145","2","Car","4","0.37","48","Netball","746","758","752","758","1","",
"USA","FL","M","17","B","173","24","168","1","Car","40","0.395","51","Football/Soccer","1000","500","1000","1000","5","5",
"UK","Home Counties","F","14","R","168","23","173","2","Car","5","0.48","41","Dancing","635","801","555","609","998","1000",
"CA","Ontario","M","17","R","186","27","198","1","Car","30","0.344","48","Basketball","273","433","27","230","722","813",
"OZ","Tasmania","M","15","R","180","28","180","1","Bus","35","0.45","74","Other activities/sports","249","817","598","415","444","433",
"UK","South","F","12","R","155","22","143","2","Car","4","0.4","224","Dancing","922","626","747","767","671","801",
"USA","IL","F","17","R","165","23","162","1","Car","20","0.3","54","Other","0","0","460","460","460","1000",
"USA","MI","F","16","R","168","21","171","1","Car","10","0.458","48","None","791","1000","914","1000","610","1000",
"UK","Home Counties","F","12","B","166","25","157","1","Rail","20","0","37","Swimming","667","472","709","787","1000","1000",
"CA","Ontario","F","13","R","168","25","163","1","Walk","2","0.431","45","Dancing","1000","412","380","209","37","102",
"NZ","Auckland","F","13","R","173","28","170","1","Car","25","0.391","0","Other activities/sports","1000","","1000","","","",
"UK","Channel Islands","M","15","R","196","29","202","1","Bus","25","0.28","34","Basketball","543","550","229","699","782","784",
"CA","Quebec","M","11","R","142","22","143","3","Car","30","0.515","47","Hockey (Ice)","326","326","1000","241","241","1000",
"CA","Ontario","F","12","R","168","24","180","1","Walk","30","0.66","89","Other activities/sports","21","21","21","21","1000","1000",
"USA","MI","F","17","R","157","20","149","2","Car","10","0","32","Tennis","850","861","818","877","342","460",
"OZ","New South Wales","M","11","R","154","24","154","2","Bus","2","0.29","31","Rugby League","1000","1000","1000","503","509","767",
"USA","MD","F","12","R","152","20","119","1","Bus","15","0.909","63","Basketball","1000","0","0","1000","1000","0",
"OZ","Queensland","M","11","R","148","22","150","2","Car","10","0.37","31","Other activities/sports","1000","1000","1000","1000","1","",
"NZ","Auckland","M","13","R","169","28","152","1","Bus","15","0","0","Rugby Union","750","","500","","","",
"UK","North West","M","15","R","174","26","169","2","Cycle","17","0.3","38","Table Tennis","723","772","0","765","1000","1000",
"CA","Ontario","M","12","R","154","25","162","1","Walk","10","0.436","66","Hockey (Ice)","866","497","765","604","995","1000",
"OZ","New South Wales","F","12","R","160","24","164","1","Bus","15","0.35","35","Swimming","474","486","498","515","1","",
"CA","Ontario","F","12","R","151","22","145","2","Walk","10","0.301","54","Dancing","930","914","898","963","920","936",
"USA","DE","M","17","R","178","27","182","1","Car","10","0.273","44","Baseball/Softball","800","500","700","800","300","1000",
"OZ","New South Wales","F","11","R","140","21","123","1","Walk","5","0.53","53","Other activities/sports","1000","805","834","1000","1000","1000",
"NZ","Otago","F","14","R","163","20","170","1","Bus","25","0.385","0","Other activities/sports","250","","250","","","",
"OZ","Queensland","F","14","R","155","22","160","1","Bus","20","0.37","39","Swimming","1000","1000","1000","1000","617","545",
"OZ","OZn Capitol Territory","F","12","R","163","23","155","1","Bus","35","0.35","33","Swimming","917","858","888","900","687","663",
"CA","Alberta","M","12","R","149","25","151","2","Walk","1","0.482","29","Skateboarding/Rollerblading","1000","909","1000","513","513","647",
"CA","Ã?le-du-Prince-Ã?douard","F","13","R","159","23","159","2","Bus","2","0.43","37","Hockey (Ice)","1000","1000","1000","1000","27","16",
"USA","CO","F","17","R","162","24","160","1","Car","10","0","0","Golf","500","500","700","500","500","700",
"USA","MO","F","17","R","167","25","167","1","Car","15","0.311","48","Other","0","0","0","","1000","1000",
"OZ","New South Wales","M","18","R","191","28","186","2","Car","7","0.35","37","Rugby Union","330","360","342","450","563","581",
"UK","East Midlands","F","13","R","165","27","166","3","Bus","15","0.34","35","Cricket","850","1000","845","776","261","266",
"UK","South West","M","17","L","187","27","187","1","Bus","50","0.31","34","Table Tennis","163","148","152","152","888","877",
"UK","North West","M","14","R","165","25","178","2","Walk","6","0.14","44","Football/Soccer","799","711","1000","1000","638","396",
"UK","North West","F","13","R","177","27","160","2","Walk","5","0","57","Running/Jogging","1000","1000","1000","996","500","500",
"CA","Ontario","F","13","L","160","22","152","2","Car","3","0.44","39","Hockey (Ice)","1000","369","37","48","1000","1000",
"CA","Ontario","F","14","L","164","18","150","2","Car","10","0.578","23","Dancing","439","128","487","241","1000","1000",
"CA","Ontario","M","13","R","147","20","152","2","Walk","4","0.487","48","Football/Soccer","824","428","283","856","1000","1000",
"USA","TX","F","17","R","163","23","178","1","Car","20","0.425","39","Martial Arts","200","200","300","300","1000","1000",
"OZ","Victoria","M","12","R","165","25","150","1","Cycle","6","0.34","48","Tennis","332","178","610","255","1000","1000",
"NZ","Southland","F","12","R","152","24","200","1","Bus","45","0.344","0","Hockey (Field)","1000","","750","","","",
"CA","Ontario","M","13","R","139","22","144","1","Walk","30","0.46","38","Football/Soccer","1000","1000","1000","1000","1000","1000",
"CA","Ontario","M","18","R","178","30","173","1","Car","15","0.437","24","Martial Arts","428","417","422","406","1000","529",
"OZ","New South Wales","F","17","L","156","23","147","2","Bus","50","0.39","26","Swimming","456","433","344","373","1000","1000",
"CA","Ontario","M","14","R","175","28","180","1","Bus","12","0.422","39","Martial Arts","1000","925","455","540","139","658",
"USA","MT","F","17","R","165","22","165","2","Car","4","0.389","29","Swimming","800","700","1000","900","500","300",
"CA","Ontario","M","14","R","107","22","146","1","Car","15","0.401","46","Bowling","219","449","214","695","1000","1000",
"UK","South","F","12","R","147","19","136","3","Walk","10","0.35","34","Netball","886","714","658","500","181","342",
"USA","CA","F","17","R","164","24","154","2","Bus","40","0.51","47","Swimming","689","700","345","200","770","200",
"OZ","Victoria","F","13","R","175","25","165","1","Walk","10","0.37","43","Basketball","545","699","864","415","976","1000",
"NZ","Manawatu-Wanganui","M","12","R","150","21","152","1","Walk","15","0","0","Rugby Union","500","","750","","","",
"USA","CA","F","16","R","157","24","170","3","Car","10","0.46","0","Walking/Hiking","0","0","0","0","","",
"USA","PA","F","17","R","157","20","155","1","Car","10","0.334","55","Dancing","300","300","300","300","1000","1000",
"OZ","New South Wales","M","11","R","154","19","151","1","Bus","10","0","73","Football/Soccer","823","817","764","829","616","628",
"OZ","New South Wales","M","14","R","178","27","153","1","Bus","15","0.35","91","None","1000","1000","1000","1000","143","208",
"USA","PA","M","16","R","192","28","195","1","Car","8","0.285","46","Baseball/Softball","800","800","600","900","500","600",
"NZ","Auckland","M","14","R","164","22","162","1","Cycle","5","0.312","0","Football/Soccer","1000","","1000","","","",
"CA","Ontario","M","14","R","164","26","151","1","Bus","20","1.14","48","Hockey (Ice)","775","519","658","914","1000","1000",
"CA","Ontario","M","12","R","137","22","132","1","Car","5","0.358","35","Golf","856","711","684","733","449","674",
"USA","WI","F","13","R","152","23","119","1","Walk","5","0.433","67","Cycling","658","561","369","749","460","230",
"USA","SC","F","17","R","175","12","172","1","Car","2","0.422","34","Martial Arts","711","540","759","765","900","1000",
"NZ","Waikato","F","10","R","169","10","162","2","Walk","5","0","0","Hockey (Field)","1000","","750","","","",
"UK","West Midlands","F","13","L","159","20","159","1","Walk","5","0.38","24","Dancing","614","582","500","500","908","877",
"CA","Alberta","M","10","L","139","21","142","1","Walk","3","0.44","38","Football/Soccer","358","1000","176","701","1000","1000",
"UK","North West","M","13","R","159","25","159","1","Walk","6","0.39","52","Football/Soccer","998","874","803","895","0","0",
"USA","WA","F","16","R","158","21","158","1","Car","10","0.321","41","Baseball/Softball","800","900","900","","100","100",
"OZ","South OZ","M","13","R","150","25","150","1","Bus","55","0.37","36","Gymnastics","409","563","273","190","421","88",
"UK","South West","F","15","R","170","28","150","1","Bus","20","0.75","48","None","806","871","774","645","0","0",
"NZ","Auckland","M","11","R","148","23","148","2","Car","5","0.35","0","Football/Soccer","1000","","1000","","","",
"OZ","South OZ","F","14","R","154","23","146","1","Car","2","0.39","41","Swimming","669","503","704","704","273","480",
"USA","MD","M","15","R","180","16","183","2","Car","15","0.324","49","Basketball","500","500","500","700","1000","1000",
"USA","CA","M","17","R","178","27","178","2","Car","10","0.452","60","Tennis","214","305","503","556","620","797",
"UK","North West","F","13","R","166","24","166","2","Car","15","0.39","33","Athletics","589","592","672","542","744","774",
"CA","Ontario","F","13","R","160","24","159","1","Walk","19","0.36","31","Tennis","840","540","203","5","1000","1000",
"CA","Ontario","F","14","R","158","26","158","2","Walk","15","0.312","46","Rowing","1000","1000","797","1000","32","32",
"OZ","Victoria","F","9","L","135","19","128","2","Car","10","0.4","45","Netball","551","585","651","533","563","705",
"UK","Home Counties","F","12","R","157","24","157","1","Bus","20","0.36","36","Tennis","723","817","758","691","720","812",
"OZ","Western OZ","F","12","R","164","22","161","1","Car","10","0.42","39","Dancing","468","326","113","113","208","214",
"UK","South West","M","14","R","166","25","164","3","Walk","15","0.39","28","Other activities/sports","1000","1000","1000","1000","500","500",
"NZ","Canterbury","M","14","R","170","25","170","1","Cycle","15","0.547","0","Cycling","500","","500","","","",
"USA","OK","M","17","R","175","24","176","2","Car","5","0.411","59","Football/Soccer","600","600","900","600","700","700",
"OZ","Queensland","M","9","R","152","22","151","1","Car","12","0.8","54","Cricket","1000","1000","1000","1000","1000","521",
"USA","CA","F","16","R","157","26","157","3","Car","15","1.057","79","Gymnastics","700","900","1000","800","10","100",
"OZ","New South Wales","M","12","R","149","27","139","1","Walk","2","0.45","43","Football/Soccer","527","610","320","96","155","699",
"OZ","Victoria","F","12","R","140","23","140","1","Walk","15","0.45","55","Netball","486","1000","503","480","687","433",
"OZ","Tasmania","M","16","R","181","17","194","1","Bus","20","0.32","39","Table Tennis","645","285","1000","202","255","793",
"CA","Manitoba","M","12","B","170","30","155","1","Bus","15","0.39","51","Football/Soccer","16","16","16","16","1000","1000",
"CA","Ontario","F","10","R","140","22","139","9","Walk","3","0.406","36","Hockey (Ice)","439","455","513","508","16","59",
"OZ","New South Wales","F","15","R","168","26","176","2","Car","7","0.47","54","Dancing","1000","1000","1000","1000","1000","1000",
"CA","Alberta","F","15","R","159","20","158","2","Bus","65","0.351","28","Dancing","920","914","487","786","914","909",
"OZ","Northern Territories","F","11","R","105","21","122","1","Car","7","0.64","78","Swimming","220","1","1","1","675","657",
"CA","Nova Scotia","M","16","R","178","24","187","1","Bus","15","0.344","42","Running/Jogging","1000","626","626","818","513","513",
"USA","CA","F","12","R","156","23","104","1","Car","12","0.357","28","Swimming","510","550","520","490","890","",
"CA","Ontario","M","14","R","171","28","160","2","Walk","20","0.37","28","Football/Soccer","807","658","1000","262","1000","1000",
"OZ","Victoria","F","13","R","172","24","170","3","Walk","10","0.42","40","Netball","610","616","622","616","769","781",
"CA","Nova Scotia","M","14","R","174","27","183","1","Bus","20","0.438","40","Walking/Hiking","1000","1000","1000","1000","1000","1000",
"OZ","Victoria","M","9","R","145","20","142","1","Car","4","0.35","70","Football/Soccer","1000","734","1000","1000","1","",
"OZ","Western OZ","M","13","R","162","26","163","1","Car","25","0.31","56","Other activities/sports","586","438","492","415","580","634",
"NZ","Manawatu-Wanganui","F","10","R","147","22","142","1","Car","25","1.156","0","Swimming","1000","","0","","","",
"USA","TX","F","17","R","178","12","189","1","Car","2","0.462","60","Dancing","100","750","750","1000","250","750",
"OZ","New South Wales","F","14","R","160","30","162","5","Bus","35","0.34","54","Dancing","1000","592","545","728","592","793",
"USA","CA","M","12","R","147","25","158","3","Car","5","0.612","81","Football/Soccer","460","160","1000","701","417","1000",
"OZ","New South Wales","M","13","R","168","25","169","1","Bus","30","0.29","33","Cricket","1000","302","1000","503","509","486",
"OZ","Tasmania","F","11","R","151","22","152","1","Bus","5","0.43","58","Basketball","486","480","486","492","255","403",
"UK","North West","F","14","R","151","21","152","1","Walk","15","0.37","36","Netball","445","485","371","418","783","787",
"USA","WI","F","13","R","164","25","165","1","Bus","15","0.835","45","Football/Soccer","1000","1000","999","1000","12","17",
"USA","CA","F","14","R","157","23","157","2","Walk","15","0.459","56","None","0","50","50","1000","1000","1000",
"UK","East","F","13","R","165","23","112","2","Bus","45","0.22","37","Other activities/sports","51","43","0","0","493","530",
"CA","Ontario","M","13","R","180","28","181","2","Bus","20","0.453","50","Basketball","535","487","353","749","487","230",
"NZ","Auckland","F","14","R","158","23","148","2","Bus","15","0.64","0","None","500","","500","","","",
"CA","Ontario","M","7","R","146","24","137","1","Cycle","9","0.586","77","Hockey (Ice)","1000","1000","1000","1000","37","37",
"OZ","New South Wales","F","11","R","142","22","145","1","Car","20","0.45","41","Dancing","503","1000","1000","769","1000","1000",
"USA","GU","M","14","B","169","25","161","1","SkateBoarding/Rollerblading","25","0","0","Skateboarding/Rollerblading","0","0","0","0","0","0",
"NZ","Auckland","M","14","R","168","24","163","4","Car","5","0.422","0","Football/Soccer","500","","750","","","",
"USA","AZ","M","17","L","181","26","180","1","Car","35","0.465","53","Other","700","420","800","700","800","600",
"OZ","Queensland","F","17","R","153","22","150","4","Car","5","0.35","23","Dancing","1000","1000","1000","1000","1000","1000",
"OZ","Victoria","F","16","R","164","19","90","3","Bus","40","0.43","42","Running/Jogging","586","456","699","586","734","645",
"CA","Ontario","F","17","B","155","22","156","1","Bus","7","0.589","57","Swimming","444","460","545","594","802","898",
"CA","Ontario","M","12","R","160","24","151","2","Car","2","0.297","42","Martial Arts","610","615","615","615","1000","1000",
"OZ","Victoria","F","12","R","153","22","135","2","Car","6","0.4","29","Other activities/sports","1000","462","1000","775","326","326",
"USA","IL","F","17","R","173","25","165","1","Car","5","0.568","40","Dancing","0","481","257","604","920","930",
"UK","East","F","11","L","157","22","158","1","Walk","10","1.03","69","Swimming","760","1000","720","696","0","146",
"OZ","Victoria","M","16","R","173","27","173","1","Bus","20","0.29","39","None","119","190","172","161","131","155",
"UK","North East","M","11","R","161","24","158","1","Bus","10","0","42","Football/Soccer","573","0","658","336","946","1000",
"OZ","New South Wales","F","16","R","157","21","155","1","Bus","50","0.37","25","Dancing","456","509","533","629","815","1000",
"OZ","Tasmania","M","13","R","159","25","158","2","Bus","60","0.29","37","Cricket","214","220","226","226","427","385",
"CA","Ontario","M","13","R","150","25","140","3","Walk","12","0.329","43","Other activities/sports","503","519","556","775","337","16",
"UK","Home Counties","F","13","R","164","27","169","3","Walk","10","0.37","63","Gymnastics","337","500","500","500","500","937",
"NZ","Canterbury","M","14","R","172","26","174","1","Cycle","15","0.516","0","Football/Soccer","250","","250","","","",
"CA","Ontario","M","12","B","118","27","82","2","Car","15","0.27","61","Cycling","1000","396","1000","1000","1000","102",
"CA","Ontario","M","15","R","164","26","160","3","Bus","15","0.619","39","Football/Soccer","433","652","1000","529","155","155",
"CA","Ontario","M","12","R","145","22","140","1","Bus","30","0.234","36","Table Tennis","294","476","834","717","283","171",
"OZ","New South Wales","F","10","R","130","22","130","1","Walk","10","0.48","60","Swimming","1000","1000","1000","1000","279","734",
"OZ","New South Wales","M","16","R","152","22","152","2","Cycle","2","0.34","52","Other activities/sports","113","36","149","894","1000","1000",
"CA","Nova Scotia","F","12","R","151","25","150","1","Bus","15","0.453","39","Swimming","444","556","668","572","674","807",
"NZ","Auckland","M","13","R","172","26","193","2","Walk","15","0.516","0","Other activities/sports","500","","500","","","",
"UK","South","F","13","R","170","26","156","1","Car","5","0.43","30","Athletics","1000","1000","1000","1000","255","248",
"OZ","Western OZ","F","10","R","143","22","135","1","Bus","30","0.37","43","Basketball","1000","1000","1000","1000","1","119",
"USA","GA","F","11","R","152","17","163","2","Bus","45","0.39","55","Running/Jogging","1000","497","1000","1000","845","1000",
"USA","NY","M","11","R","146","22","133","2","Walk","10","0.359","46","Running/Jogging","503","503","503","503","53","53",
"OZ","Western OZ","F","12","L","155","24","158","1","Car","20","0.51","36","Other activities/sports","444","243","232","438","344","155",
"NZ","Auckland","F","11","R","154","22","148","1","Car","15","1.15","0","Netball","250","","250","","","",
"UK","Martinica","M","17","R","180","23","174","2","Walk","25","0.37","38","Football/Soccer","1000","1000","1000","685","620","441",
"NZ","Wellington","M","14","R","180","27","165","2","Bus","25","0.28","0","Cricket","1000","","500","","","",
"USA","IL","F","12","R","152","22","148","2","Walk","5","0.406","55","Gymnastics","995","920","920","1000","0","0",
"OZ","Victoria","F","12","R","151","24","148","1","Walk","10","0.42","34","Dancing","988","468","1000","894","78","78",
"OZ","Victoria","M","11","L","156","26","156","1","Walk","15","0.43","41","Hockey (Field)","1000","1000","1000","1000","1000","1000",
"OZ","Queensland","M","14","R","182","37","192","1","Walk","30","0.34","35","Football/Soccer","1000","1000","1000","1000","27","131",
"OZ","OZn Capitol Territory","F","10","R","146","20","145","1","Car","6","0.39","35","Dancing","1000","1000","1000","1000","42","25",
"USA","NY","M","12","R","153","27","145","2","Walk","2","0.316","42","Baseball/Softball","1000","1000","900","500","1000","1000",
"OZ","Victoria","M","10","L","132","21","132","1","Cycle","5","0.36","49","Cricket","775","1000","1000","693","320","255",
"CA","Ontario","F","14","R","160","23","157","1","Walk","5","0.912","39","Tennis","497","497","519","706","807","1000",
"CA","Quebec","F","15","R","163","23","160","2","Rail","20","0.249","19","Other activities/sports","1000","770","813","722","840","845",
"OZ","New South Wales","F","12","R","165","24","155","1","Walk","6","0.5","56","Netball","563","628","492","734","403","385",
"NZ","Auckland","F","12","R","158","24","162","3","Walk","15","0.406","0","Football/Soccer","1000","","1000","","","",
"OZ","Victoria","M","12","R","153","25","153","2","Car","9","0","54","Cricket","1000","829","900","823","1000","1000",
"USA","MO","M","17","R","173","22","180","1","Car","7","0.388","54","Football (American)","100","200","200","700","100","1000",
"UK","East","F","13","R","182","28","170","2","Walk","10","0.49","26","Football/Soccer","765","725","671","698","649","744",
"OZ","Victoria","F","12","R","156","26","155","1","Walk","3","0.52","49","Netball","604","586","746","574","367","740",
"USA","OH","M","9","B","140","20","138","1","Car","45","0.437","37","Baseball/Softball","836","967","1000","","481","299",
"UK","Home Counties","M","15","R","183","27","184","1","Walk","20","0.57","34","Netball","500","500","500","500","393","400",
"NZ","Wellington","F","14","R","162","24","166","1","Walk","5","0.328","0","Other activities/sports","500","","500","","","",
"CA","Ontario","F","12","R","166","26","166","1","Car","5","0.65","24","Football/Soccer","604","417","513","102","91","283",
"OZ","Victoria","F","11","R","149","22","143","2","Bus","20","0.46","62","Netball","155","208","196","117","604","976",
"UK","South","F","16","R","161","23","158","1","Bus","20","0.56","37","Netball","677","935","742","774","581","484",
"CA","Quebec","M","18","R","185","25","185","2","Bus","15","0.25","30","Tennis","620","203","497","91","1000","1000",
"USA","CA","M","17","R","165","27","164","2","Car","17","0.494","48","Basketball","600","400","500","600","800","1000",
"CA","Ontario","M","16","B","180","31","150","1","Walk","15","0.93","56","Hockey (Ice)","428","824","75","668","1000","1000",
"OZ","Tasmania","F","9","R","154","22","161","1","Walk","3","0.77","45","Dancing","834","734","433","563","433","480",
"NZ","Auckland","F","12","R","169","23","168","2","Walk","15","0","0","Netball","750","","500","","","",
"CA","British Columbia","F","12","R","171","23","163","2","Car","5","0.375","56","Football/Soccer","1000","1000","1000","1000","1000","1000",
"OZ","New South Wales","F","12","B","160","18","150","1","Walk","10","0.4","33","Running/Jogging","474","273","923","415","1000","1000",
"UK","West Midlands","F","13","L","147","21","130","1","Bus","30","0.53","35","Football/Soccer","0","1000","1000","516","1000","1000",
"CA","Manitoba","M","15","R","177","23","170","1","Bus","30","0.359","35","Skateboarding/Rollerblading","481","471","481","487","1000","1000",
"OZ","Queensland","M","11","R","160","25","150","1","Walk","5","0.75","44","Other activities/sports","1000","503","1000","1000","1000","1000",
"UK","North West","F","12","B","168","22","168","3","Walk","15","0.54","47","Swimming","0","1000","226","226","0","0",
"USA","PA","F","17","R","160","23","175","3","Car","5","0.41","33","Hockey (Ice)","800","800","700","700","100","200",
"USA","TX","F","17","R","162","25","134","1","Car","20","0.379","48","Tennis","540","400","450","245","555","520",
"UK","London","F","12","R","151","24","153","2","Bus","15","0.78","68","Dancing","986","331","1000","308","1000","484",
"OZ","Western OZ","F","10","R","158","23","160","1","Car","30","0.36","56","Netball","527","509","521","515","1000","1000",
"OZ","New South Wales","M","12","R","155","25","153","2","Bus","47","0.35","43","None","1000","817","598","1000","","",
"UK","East","M","11","L","148","21","145","2","Car","8","0.48","62","Swimming","0","806","452","677","839","774",
"OZ","Tasmania","F","12","R","167","25","171","1","Car","3","0.35","36","None","415","385","693","503","113","793",
"OZ","South OZ","M","11","R","169","28","172","1","Bus","57","0.36","58","Walking/Hiking","586","811","107","438","1000","1000",
"UK","West Midlands","F","11","R","148","19","142","2","Car","30","0.69","65","Dancing","725","908","738","957","1000","1000",
"OZ","Victoria","M","13","R","159","30","168","1","Car","10","0.39","48","Basketball","1000","1000","722","498","1000","1000",
"OZ","New South Wales","M","15","R","163","22","163","2","Bus","70","0.45","44","Baseball/Softball","539","433","1000","178","663","870",
"OZ","Queensland","F","12","R","153","23","152","1","Car","5","0.45","44","Other activities/sports","651","639","823","716","1000","1000",
"CA","Ontario","F","14","R","180","30","168","1","Bus","60","1.312","31","Football/Soccer","888","647","759","428","1000","1000",
"CA","British Columbia","M","15","R","175","25","138","3","Car","20","0.599","28","Rugby Union","460","465","738","738","738","743",
"OZ","New South Wales","M","14","R","152","22","151","1","Bus","35","0.31","41","Hockey (Ice)","527","539","634","551","669","752",
"OZ","Tasmania","M","17","R","171","25","175","1","Bus","11","0.26","34","Basketball","876","900","1000","592","1000","1000",
"NZ","Canterbury","M","13","R","125","26","85","2","Walk","5","0.297","0","Athletics","750","","750","","","",
"CA","Ontario","M","14","R","182","26","182","2","Car","6","0.527","23","Basketball","262","257","561","636","914","1000",
"USA","VT","F","16","R","160","20","152","1","Car","15","1.005","48","Basketball","700","100","800","500","200","1000",
"USA","VI","F","17","R","158","24","151","1","Boat","30","0.809","48","Baseball/Softball","900","900","900","900","900","900",
"CA","Manitoba","M","12","R","155","25","160","1","Car","16","0.527","86","Table Tennis","508","390","561","337","155","21",
"UK","East Midlands","M","13","R","179","28","183","1","Walk","7","0.37","51","Cricket","713","750","769","765","730","1000",
"OZ","Victoria","F","11","L","161","25","160","1","Walk","3","0.48","39","Dancing","1000","1000","1000","1000","","",
"OZ","Western OZ","M","13","R","166","24","153","2","Car","2","0.35","30","Other activities/sports","373","350","403","498","639","675",
"NZ","Auckland","M","11","R","154","22","150","1","Car","45","0.401","0","Football/Soccer","500","","500","","","",
"CA","Ontario","M","14","R","169","25","170","1","Walk","6","0.328","41","Running/Jogging","658","1000","348","770","481","102",
"OZ","Victoria","F","12","R","160","23","157","1","Rail","20","0.42","48","Netball","1000","1000","1000","320","308","580",
"USA","WI","M","14","B","171","12","180","1","Bus","30","0","45","Basketball","8","8","8","9","8","1000",
"CA","Ontario","M","14","L","165","24","161","1","Bus","30","0.768","63","Tennis","1000","1000","1000","1000","1000","1000",
"OZ","New South Wales","M","10","R","147","21","145","1","Walk","2","0.5","38","Other activities/sports","994","894","917","834","202","131",
"UK","North West","M","15","R","172","26","178","1","Car","5","0.29","44","Rugby Union","770","765","679","659","957","926",
"NZ","Waikato","M","12","R","155","25","145","1","Car","45","0.359","0","Rugby Union","750","","750","","","",
"CA","Alberta","M","11","R","150","20","151","1","Walk","7","0.71","40","Baseball/Softball","417","513","599","620","353","572",
"CA","Ontario","F","12","R","163","24","138","2","Bus","2","0.912","39","Other activities/sports","1000","508","503","706","214","219",
"OZ","Tasmania","F","14","R","158","20","160","1","Bus","15","0.32","42","Gymnastics","1000","498","545","539","488","486",
"USA","NY","M","10","R","139","23","137","1","Bus","16","0.75","0","Hockey (Ice)","144","947","460","","","",
"USA","IN","M","11","R","135","20","140","1","Car","7","0.364","40","Football (American)","722","503","513","626","396","540",
"UK","North East","M","12","R","141","22","129","1","Bus","40","0","31","Rugby Union","840","770","892","1000","235","1000",
"NZ","West Coast","M","14","B","168","24","172","2","Bus","5","0.361","0","Cricket","1000","","1000","","","",
"CA","Alberta","F","13","R","153","23","125","1","Bus","36","0.451","42","Dancing","417","503","332","481","1000","1000",
"UK","West Midlands","F","13","R","170","25","124","1","Car","10","1.34","80","Running/Jogging","500","500","500","500","500","500",
"CA","Ontario","M","14","B","180","28","187","2","Walk","30","0.621","59","Gymnastics","551","1000","492","390","1000","166",
"OZ","Tasmania","M","14","R","147","24","148","1","Car","10","0.37","32","Football/Soccer","1000","1000","1000","693","832","1000",
"CA","Ontario","M","11","R","146","22","144","2","Bus","17","0.36","46","Hockey (Ice)","1000","941","1000","1000","385","187",
"CA","Saskatchewan","M","11","R","145","23","140","1","Cycle","15","0.422","48","Football/Soccer","626","540","631","963","604","743",
"UK","North West","M","13","R","160","25","160","1","Car","5","0.7","59","Rugby League","0","0","0","0","1000","1000",
"OZ","Queensland","M","14","R","181","26","183","1","Car","10","0.29","38","Rugby League","409","226","220","101","326","314",
"UK","North East","F","13","L","167","24","152","2","Walk","25","0.35","60","Basketball","570","799","934","520","326","543",
"USA","SC","F","15","R","183","27","181","2","Bus","10","0.344","37","Dancing","1000","800","1000","1000","500","1000",
"OZ","South OZ","F","14","R","167","26","163","2","Walk","10","0.73","24","Basketball","498","397","622","580","563","657",
"NZ","Manawatu-Wanganui","F","14","R","168","23","165","1","Bus","45","0.346","0","Netball","750","","750","","","",
"OZ","Victoria","F","10","R","146","21","145","1","Cycle","15","0.41","66","Netball","149","1000","1000","1000","101","119",
"OZ","Victoria","F","12","R","152","22","147","2","Car","10","0.44","59","Other activities/sports","722","1000","1000","693","350","834",
"OZ","New South Wales","F","12","R","167","30","120","2","Car","3","0.37","42","Netball","539","149","982","273","1000","681",
"USA","FL","M","17","L","163","23","171","2","Walk","10","0.561","82","Swimming","900","800","740","750","1000","1000",
"NZ","Auckland","F","12","R","155","24","146","1","Car","5","0.379","0","Hockey (Field)","1000","","750","","","",
"OZ","New South Wales","M","12","R","157","23","155","1","Bus","45","0.36","38","Rugby Union","515","403","657","498","1000","758",
"CA","Ontario","F","18","R","158","25","156","2","Bus","25","0.418","34","Athletics","465","460","476","492","652","840",
"OZ","Queensland","M","14","R","162","24","167","1","Bus","60","0.26","31","Rugby League","1000","1000","1000","1000","1000","1000",
"OZ","New South Wales","M","13","R","153","23","153","1","Car","10","0.4","35","Bowling","486","498","338","137","273","580",
"CA","Ontario","M","14","R","152","24","150","1","Walk","20","0.246","41","Cycling","471","471","583","187","1000","1000",
"OZ","New South Wales","F","10","L","142","21","136","1","Car","3","0","73","Dancing","468","1000","1000","1000","","",
"CA","Alberta","M","11","R","137","26","125","2","Car","15","0.344","36","Other activities/sports","1000","898","925","936","529","455",
"USA","MA","F","12","R","160","22","160","1","Bus","22","0.272","43","Football/Soccer","500","450","600","600","500","500",
"USA","NY","F","16","R","159","24","159","1","Bus","25","0.338","33","Running/Jogging","824","722","500","","","",
"OZ","New South Wales","F","13","R","159","23","163","2","Walk","5","0.31","51","Gymnastics","959","953","965","953","1","",
"USA","MD","F","17","R","169","24","169","1","Car","25","0.241","42","Basketball","100","100","100","100","700","800",
"UK","Home Counties","M","17","R","188","26","182","1","Walk","3","0.37","46","Martial Arts","796","599","682","689","523","500",
"NZ","Auckland","M","14","R","161","25","166","2","Walk","5","0.469","0","Football/Soccer","750","","500","","","",
"NZ","Waikato","F","16","R","165","26","166","1","Car","15","0.412","0","Football/Soccer","750","","750","","","",
"USA","CA","F","17","L","165","24","165","2","Car","10","0","44","Walking/Hiking","800","800","800","800","500","1000",
"OZ","South OZ","F","15","R","164","22","155","2","Bus","15","0","62","Hockey (Ice)","1000","1000","1000","1000","1000","1000",
"USA","VA","F","17","R","173","23","165","1","Car","15","0.353","29","Other","500","450","450","600","500","600",
"UK","South","F","12","R","163","21","160","1","Walk","10","1.54","66","Dancing","654","803","287","272","500","21",
"USA","AZ","F","16","R","147","22","150","1","Car","7","0.297","40","Other","600","500","200","","1000","1000",
"OZ","New South Wales","M","12","L","155","27","165","4","Bus","15","0.39","55","Football/Soccer","521","610","616","367","326","403",
"USA","NE","F","15","R","169","25","174","1","Car","10","0.424","42","Dancing","182","246","230","190","722","1000",
"USA","CA","M","17","R","170","20","208","2","Car","15","0.296","55","Martial Arts","800","800","800","800","900","1000",
"NZ","Wellington","F","12","R","145","22","150","1","Car","5","0.391","0","Hockey (Field)","750","","750","","","",
"OZ","Western OZ","M","10","R","144","22","150","3","Car","3","0.43","49","Walking/Hiking","1000","1000","681","1000","","54",
"USA","TX","F","9","R","137","22","141","2","Walk","5","0.935","67","Football/Soccer","893","765","968","1000","508","973",
"USA","TX","M","11","R","148","23","150","2","Car","3","0.5","54","Football/Soccer","1000","1000","1000","1000","1","999",
"CA","Ontario","M","12","R","153","25","153","3","Bus","10","0.759","46","Golf","583","540","604","695","1000","1000",
"UK","South","M","14","L","180","28","172","2","Car","10","0.29","42","Swimming","1000","1000","1000","1000","0","0",
"OZ","New South Wales","M","15","R","180","10","175","1","Rail","50","0","65","Rugby Union","1000","1000","1000","1000","332","332",
"USA","CA","M","12","R","145","23","138","1","Car","15","0.406","53","Football (American)","1000","1000","1000","1000","1000","1000",
"CA","Ontario","M","12","R","162","26","154","1","Car","6","0.859","39","Hockey (Ice)","246","176","70","433","91","209",
"OZ","Western OZ","M","11","R","159","24","156","1","Car","10","0.51","71","Skateboarding/Rollerblading","125","","143","1000","","13",
"NZ","Manawatu-Wanganui","F","10","R","138","19","135","2","Car","15","0.5","0","Dancing","1000","","1000","","","",
"CA","Ontario","M","14","R","164","26","166","4","Bus","10","0.25","23","Basketball","1000","1000","1000","1000","690","690",
"USA","CA","F","12","R","167","26","155","1","Car","12","0.43","40","Football/Soccer","800","900","1000","900","500","100",
"CA","Quebec","F","13","R","162","23","161","2","Bus","20","0.641","35","Football/Soccer","663","503","749","1000","91","1000",
"USA","PA","M","16","R","194","29","193","2","Car","10","0.327","51","Baseball/Softball","449","1000","1000","727","1000","1000",
"OZ","Victoria","F","15","L","160","23","165","1","Car","5","0.4","39","Other activities/sports","722","592","563","628","1000","1000",
"USA","CO","M","17","R","181","27","186","1","Cycle","10","0.488","45","Other","400","290","250","450","0","0",
"NZ","Waikato","F","14","R","172","25","165","1","Bus","45","0.298","0","Basketball","1000","","500","","","",
"CA","Ontario","F","13","R","162","28","151","1","Car","5","0.451","61","Other activities/sports","1000","1000","1000","1000","380","390",
"UK","West Midlands","F","13","R","173","28","140","1","Walk","10","0.32","34","Dancing","709","664","515","564","859","814",
"USA","GU","F","17","R","159","23","160","1","Car","15","0.36","65","Tennis","1000","1000","1000","1000","711","1000",
"UK","North West","F","11","R","145","24","135","2","Walk","1","0.44","35","Netball","454","1000","663","758","407","445",
"USA","IN","F","15","R","162","23","135","2","Car","5","0.9","45","Other","80","80","90","80","90","90",
"CA","New Brunswick","F","15","R","170","23","171","1","Bus","35","0.651","43","Basketball","32","32","70","64","1000","1000",
"USA","VT","F","16","R","157","26","165","1","Car","5","0.887","53","Other","500","900","600","400","500","500",
"CA","Ontario","M","13","L","168","28","168","3","Walk","5","0.688","50","Basketball","626","620","134","428","1000","1000",
"NZ","Auckland","F","13","R","150","23","155","2","Car","5","0.469","0","Tennis","750","","750","","","",
"NZ","Auckland","F","11","R","169","24","160","1","Bus","45","0.391","0","Dancing","1000","","1000","","","",
"UK","North West","M","14","R","172","25","135","2","Car","3","0.31","55","Cricket","767","926","1000","1000","1000","1000",
"CA","Nova Scotia","F","8","R","149","22","151","5","Bus","15","0.743","54","Dancing","909","1000","1000","1000","305","626",
"OZ","New South Wales","M","10","L","150","24","147","2","Walk","15","0.32","41","Cricket","728","699","515","622","379","391",
"NZ","Wellington","M","13","R","162","24","166","1","Bus","45","0","0","Golf","750","","500","","","",
"OZ","Tasmania","M","14","R","165","25","165","1","Car","10","0.34","41","Cricket","367","326","249","403","237","427",
"UK","Home Counties","M","14","R","182","26","174","3","Bus","15","1.71","25","Other activities/sports","270","445","409","435","1000","1000",
"USA","IL","F","12","R","164","24","158","1","Car","2","0.488","49","Football/Soccer","1000","1000","1000","900","200","300",
"OZ","South OZ","M","16","R","190","26","196","1","Bus","60","0.29","37","Walking/Hiking","1","1","657","237","1000","1000",
"CA","Ontario","M","13","R","160","27","162","2","Bus","10","0.29","36","Football/Soccer","920","610","775","1000","155","241",
"NZ","Manawatu-Wanganui","M","14","R","181","28","198","5","Cycle","45","0.343","0","Rugby Union","1000","","750","","","",
"CA","Ontario","F","14","R","159","22","163","1","Car","10","0.406","44","Athletics","877","668","802","920","791","856",
"OZ","Victoria","M","12","R","154","24","154","1","Bus","30","0.29","42","Football/Soccer","226","634","1000","113","1000","214",
"NZ","Canterbury","M","13","R","153","19","152","1","Cycle","5","0.57","0","Basketball","750","","1000","","","",
"OZ","South OZ","F","15","R","164","24","165","1","Bus","10","0.28","30","Other activities/sports","758","1000","567","876","811","362",
"USA","VA","M","17","R","180","26","178","2","Bus","30","0.28","38","Football (American)","700","800","850","895","300","250",
"OZ","South OZ","F","15","R","164","23","160","1","Car","25","0.45","31","Swimming","628","734","911","947","","285",
"USA","MA","M","12","","156","23","150","1","Bus","30","0.194","50","Cycling","700","100","900","100","800","700",
"OZ","South OZ","F","19","L","162","22","149","1","Walk","3","0.32","31","Other activities/sports","1000","1000","302","308","1000","1000",
"USA","IN","M","11","R","149","25","156","1","Bus","10","0.344","0","Baseball/Softball","476","1000","963","","0","32",
"USA","CO","M","17","R","178","29","198","1","Car","12","0.353","39","Football/Soccer","1000","1000","1000","1000","1000","1000",
"CA","New Brunswick","M","15","R","175","28","180","2","Walk","5","0.591","70","Basketball","209","230","203","1000","1000","1000",
"CA","Quebec","M","12","L","150","22","146","2","Car","2","1.172","84","Hockey (Ice)","1000","1000","1000","888","144","107",
"NZ","Otago","M","10","R","144","23","150","1","Bus","25","0.594","0","Football/Soccer","500","","750","","","",
"UK","South West","F","14","R","173","21","173","1","Bus","45","0.36","29","Athletics","0","0","0","0","0","0",
"OZ","Western OZ","F","9","R","139","22","145","2","Walk","10","0.59","68","Basketball","1000","1000","1000","444","1","",
"CA","Ontario","M","14","L","160","27","161","1","Walk","15","0.36","50","Hockey (Ice)","294","283","241","102","476","439",
